{"Taylor Swift: The Eras Tour Movie": {"box": 39.418708323017206, "office": 37.62694885378915, "million": 25.08463256919277, "movie": 17.577796618689757, "weekend": 17.577796618689757, "concert": 17.577796618689757, "film": 14.281959752685427, "theaters": 12.542316284596385, "amc": 12.542316284596385, "five": 12.542316284596385}, "Relationship with Travis Kelce & the NFL": {"chiefs": 73.46213823835025, "kansas": 68.08685983066609, "travis": 63.71951274275037, "kelce": 31.884770305757485, "tight": 30.459910976876934, "kelces": 17.91759469228055, "nfl": 17.577796618689757, "city": 15.813139216218412, "play": 14.33407575382444, "star": 14.281959752685427}, "Albums & Songs": {"music": 16.479184330021646, "album": 16.479184330021646, "1989": 15.249237972318797, "rerecording": 14.33407575382444, "version": 11.78350206951907, "vault": 10.75055681536833, "antonoff": 10.75055681536833, "lot": 8.958797346140274, "written": 8.958797346140274, "albums": 8.788898309344878}, "Billionaire Status": {"billionaire": 10.75055681536833, "worth": 8.958797346140274, "estimated": 7.16703787691222, "billion": 7.16703787691222, "33yearold": 7.16703787691222, "11": 5.493061443340549, "financial": 5.375278407684165, "business": 5.375278407684165, "bloomberg": 5.375278407684165, "matt": 5.375278407684165}, "Awards/Award Shows & Records": {"album": 32.95836866004329, "grammy": 31.859756371375184, "1": 26.876392038420825, "nominations": 25.08463256919277, "billboard": 19.775021196025975, "nominees": 17.91759469228055, "biggest": 17.91759469228055, "sza": 17.91759469228055, "music": 16.479184330021646, "10": 16.125835223052494}, "Performances/Eras Tour": {"mexico": 14.33407575382444, "buenos": 10.986122886681098, "aires": 10.986122886681098, "leg": 10.75055681536833, "vancouver": 10.75055681536833, "tour\u201d": 10.75055681536833, "argentina": 9.887510598012987, "onstage": 9.887510598012987, "august": 8.788898309344878, "concert": 7.690286020676768}, "Style/Looks": {"savvy": 5.375278407684165, "travis": 3.295836866004329, "halloween": 3.295836866004329, "kelce": 2.0794415416798357, "images": 0.5469646703818638, "tour": -0.46245203948177505, "eras": -0.6166027193090334, "swifts": -0.9249040789635501, "\u2026": -1.1507282898071236, "swift": -2.301456579614247}, "Taylor Swift personal life (activities with friends & friendships & past)": {"kelly": 10.75055681536833, "news": 8.958797346140274, "getty": 7.16703787691222, "gomez": 7.16703787691222, "brittany": 5.493061443340549, "mahomes": 5.493061443340549, "media": 5.375278407684165, "amy": 5.375278407684165, "sussmangetty": 5.375278407684165, "ul": 5.375278407684165}}